id,date,flow,category,room,item,counterparty,amount_cny,payment_status,project_status,note
EXP-0001,,expense,electrical,whole_house,入户线及配电箱重新铺设,电工,1200,paid,completed,含100米6平方蓝色铜线一卷；约使用40米
EXP-0002,,expense,plumbing,bathroom,卫生间及洗衣机给排水改造,水电工,500,paid,completed,含马桶浴室柜淋浴热水器及洗衣机相关水路服务；包含价值70元的扬子超薄纯铜防臭地漏
EXP-0003,,expense,material,bathroom,水泥,建材商,17,paid,consumed,用于固定蹲便器改坐便器相关水管
EXP-0004,,expense,material,bathroom,沙子,建材商,5,paid,consumed,用于固定蹲便器改坐便器相关水管
EXP-0005,,expense,demolition,whole_house,拆除四个旧门,拆除人员,100,paid,completed,卫生间卧室厨房及客厅通道旧门
INC-0001,,income,recycling,bedroom,旧书回收,废品回收方,55,received,completed,卧室书籍回收收入
EXP-0006,,expense,material,bathroom,立邦堵漏王,建材商,20,paid,consumed,用于固定蹲便器改坐便器相关水管
EXP-0007,,expense,material,bathroom,30cm×30cm卫生间地砖12块,建材商,18,paid,inventory,名义总面积1.08平方米；尚未铺贴
EXP-0008,2026-09-26,expense,paint,whole_house,3桶底漆+4桶S2 1875面漆+工具套装,小建刷新,1713,paid,ordered,底漆149×3=447；S2面漆299×4=1196；工具套装70；墙顶统一1875；9/26沈阳发货
EXP-0009,2026-09-27,expense,electrical,whole_house,德力西H31万用表,京东,33.01,paid,inventory,京东交易流水核正日期；用于市电电压/通断/NCV等装修验测
EXP-0010,2026-09-28,expense,electrical,whole_house,绝缘胶带70×16mm红色10卷,京东,8.80,paid,ordered,订单截图确认已购
EXP-0011,2026-09-28,expense,cleaning,whole_house,玻璃清洁剂5斤+全套工具,京东,10.63,paid,ordered,订单截图确认已购
EXP-0012,2026-09-28,expense,cleaning,whole_house,塑钢门窗清洗剂500ml×5,京东,18.04,paid,ordered,订单截图确认已购
EXP-0013,2026-09-28,expense,tool,whole_house,五步碳钢梯,京东,60.08,paid,ordered,订单截图确认已购
EXP-0014,2026-09-27,expense,tool,whole_house,钢丝刷等装修工具耗材订单,京东,39.99,paid,inventory,京东交易流水核正日期；多件订单只按总额记录
EXP-0015,2026-09-27,expense,protection,whole_house,一次性防护服1件,京东,3.90,paid,inventory,京东交易流水核正日期；实际使用状态待盘点
EXP-0016,2026-09-27,expense,material,whole_house,网格带5cm×30m×1卷,京东,6.80,paid,inventory,京东交易流水核正日期；剩余量待盘点
EXP-0017,2026-09-27,expense,material,whole_house,三棵树装修辅材订单A,京东,114.55,paid,consumed_or_inventory,京东交易流水核正日期；含墙固/界面剂等装修辅材；单品价格和余量不可靠拆分
EXP-0018,2026-09-27,expense,material,whole_house,三棵树装修辅材订单B,京东,246.40,paid,consumed_or_inventory,京东交易流水核正日期；含S2防水/堵漏王/密封及美缝类材料；不重复拆账
EXP-0019,2026-09-27,expense,electrical,whole_house,4插位+2USB 2.8m排插,京东,14.79,paid,inventory,京东交易流水核正日期；装修临时使用并可长期复用
EXP-0020,2026-09-27,expense,tool,whole_house,承重170爬楼小推车等订单,京东,60.80,paid,inventory,京东交易流水核正日期；多件订单按总额记账
EXP-0021,2026-09-27,expense,tool,whole_house,5m钢卷尺,京东,5.56,paid,inventory,京东交易流水核正日期；可复用工具
EXP-0022,2026-09-29,expense,electrical,whole_house,四分PVC线槽2m×10根,线下商家,20.00,paid,inventory,现场购买；共20m；商家口径“四分”
EXP-0023,2026-09-29,expense,electrical,whole_house,护套线线卡钉100粒×1袋,线下商家,5.00,paid,inventory,可用于固定护套线；商家称也可用于固定线槽
INC-0002,2026-09-29,income,recycling,whole_house,拆除旧铁门回收,废品回收方,65.00,received,completed,本批拆除旧铁门售出；对应INV-0002
EXP-0024,,expense,windows,whole_house,五扇纱窗定金,纱窗商家,200.00,paid,ordered,9/30业主确认每扇100元共500元；本笔为定金200元，后续尾款300元见EXP-0049；实际付款日期待补
EXP-0025,2026-09-29,expense,material,whole_house,防水补漏胶带5cm×5m,京东,5.72,paid,inventory,京东交易流水去重后新增；实际使用和余量待盘点
EXP-0026,2026-09-29,expense,tool,whole_house,粗磨砂纸套装,京东,2.90,paid,inventory,用于墙面或木材打磨；实际使用和余量待盘点
EXP-0027,2026-09-29,expense,tool,whole_house,墙面砂纸架,京东,6.20,paid,inventory,可复用打磨工具
EXP-0028,2026-09-29,expense,electrical,whole_house,绝缘胶带70×16mm蓝色10卷,京东,6.50,paid,inventory,电气施工未完；剩余量待盘点
EXP-0029,2026-09-29,expense,lighting,whole_house,三防吸顶灯等灯具订单,京东,7.98,paid,inventory,多件订单只按流水总额记录；安装状态待盘点
EXP-0030,2026-09-29,expense,lighting,living_room,15W暖光COB明装射灯,京东,10.70,paid,inventory,电气施工未完；未确认安装
EXP-0031,2026-09-29,expense,cleaning,whole_house,全屋多功能清洁剂2500ml,京东,15.10,paid,consumed,京东品名为家具/全屋多功能清洁剂；业主另称曾向厨房下水倒入2500ml管道疏通剂，是否同一商品待核，不改写交易品名
EXP-0032,2026-09-29,expense,protection,whole_house,防雾护目镜,京东,10.00,paid,inventory,可复用防护用品
EXP-0033,2026-09-29,expense,material,whole_house,免钉胶辅助定位贴80张,京东,5.25,paid,inventory,拟用于明线槽等临时定位；实际使用待盘点
EXP-0034,2026-09-29,expense,tool,whole_house,正泰多功能剥线钳,京东,15.90,paid,inventory,可复用电工工具
EXP-0035,2026-09-29,expense,protection,whole_house,装修防尘保护膜3m×20m,京东,6.80,paid,consumed_or_inventory,刷漆保护用品；余量待盘点
EXP-0036,2026-09-30,expense,electrical,whole_house,PVC单联86明装底盒10只,京东,5.58,paid,inventory,电气施工未完；安装数量待盘点
EXP-0037,2026-09-30,expense,electrical,whole_house,2进2出电线连接器5只,京东,3.79,paid,inventory,仅记录购入；固定布线适配仍受产品说明和专业复核门禁
EXP-0038,2026-09-30,expense,electrical,whole_house,CH-2电线连接器20只,京东,3.01,paid,inventory,仅记录购入；固定布线适配仍受产品说明和专业复核门禁
EXP-0039,2026-09-30,expense,electrical,whole_house,德力西BVVB2×2.5mm²护套线50m等电气材料订单,京东,810.04,paid,inventory,多件订单只按总额记录；流水明确至少含50m护套线；其余构成和现场余量待盘点
EXP-0040,2026-09-30,expense,electrical,kitchen,86型四开28孔明装拓展插座,京东,63.19,paid,inventory,电气施工未完；未确认安装
EXP-0041,2026-10-02,expense,electrical,whole_house,P6螺旋接线帽50只,京东,9.90,paid,inventory,10/2重新购买记录；9/30两笔同类商品均已退款并未重复入账
EXP-0042,2026-10-01,expense,material,whole_house,瓷砖修复胶等多件订单,京东,51.92,paid,inventory,原支付85.07元后退款33.15元；按净支出记账；留存商品明细待盘点
EXP-0043,2026-10-01,expense,material,bathroom,大禹神工瓷砖胶,京东,31.32,paid,inventory,卫生间铺砖方案后续放弃；材料留存状态待盘点
EXP-0044,2026-10-02,expense,tool,bathroom,手握式瓷砖切割工具等订单,京东,43.20,paid,inventory,多件订单只按总额记录；卫生间铺砖方案后续放弃
EXP-0045,2026-10-02,expense,paint,living_room,黑胡桃色水性木蜡油2kg,京东,31.80,paid,inventory,拟用于书桌改色；是否做过小样待确认
EXP-0046,2026-10-02,expense,tool,whole_house,欧莱德无刷电钻工具箱套装,京东,133.00,paid,inventory,替换此前已全额退款的122元电钻订单；可复用工具
EXP-0047,2026-10-03,expense,flooring,bathroom,米黄色环氧彩砂自流平地坪漆1.4kg×2,京东,75.33,paid,consumed,交易流水显示1.4kg规格；业主确认共2组并已在完成闭水试验的防水层上施工完毕
EXP-0048,,expense,labor,whole_house,乳胶漆油漆工施工费,油漆工,400.00,paid,partial,业主确认仅完成一遍底漆和一遍面漆，且角落施工不仔细；付款日期和方式待补
EXP-0049,,expense,windows,whole_house,五扇防猫纱窗尾款,纱窗商家,300.00,paid,ordered,业主确认尾款已付；与EXP-0024定金200元合计500元；付款日期待补，安装验收状态仍待核
